file	size	sha256
049a1e6e7be7eab6cfcf5c8fbe54dde3__ssh_dhgex-sha1_aes256-gcm_opensshS.pcapng	22652	61862e27a02aff63a6f57efb36082cbd841764f3ab1d2b8c08f87476b48f90aa
05f5bd4b68b7aadc166ae4ff9f836de2__cisco-nexus10-erspan-marker.pcap	140	d2a1c49bf0a36095d9ad025c28980817aa4e0c7e5e80fdeccfd708047ae2bb28
0726107c7d22fe6114308c7d395e512b__cisco-nexus92-erspan-marker.pcap	140	8398e6e3d9d3867642045f699b7be91de6b8f43eb7659ca0458e4167f6445642
09c7a71f677512671fb39343f9eba69e__lldp-shutdown-pdu.pcapng.gz	603	017358c1949e2279fa07d28943b4eba54d90e9f2bfbe04301cee76d1df13a79b
0ad8934c433f71607d8dc9c3b7a14718__wpa2linkuppassphraseiswireshark.pcap	3606	69d6964b3bc5c14ca7ecbac3fdfd09f291ee3217ec15a9dfc082de5cae329bc8
0c476e603bf492bd9f914c01fcfe7084__greb_DSLkeepalive_m.cap	774	ec7ea0f87be5d2813df26aa6c942f6faade1cfbbb09218124e4f13a823be8af9
10_sqldeveloper10_2016.pcapng	97880	7ad9efc2a400bdf5da901c84d38f58bc84a6c3fa46e44f61c460abc9b1160662
11_sqldeveloper11_2016.pcapng	106296	c65ee5ebfd9a36d9862b0be0049e05fe687933b37aa833f31909a77ba1bb639d
12_sqldeveloper12_2016.pcapng	112944	0bd3e0ff897789fa65ea77f1f2eeb0c82dd20201700315ec867b0d90f016c4d2
12dd49a43f7a9e90cbd748d1762cca9a__new_rfp.pcap	8661	a4413551b9c4fb601822dc3b665794212191efa692725a07ed94637ccc7333cc
13031c07486de60355d015782ab74e3b__ntlm_rpc.pcapng	13760	5c9c6cf33a1b49ad368c54b0b4141c14b43789e0a623486dedaa5f8d7877d84f
14bf675916b45649dd524ab412b61610__ssh_dhg14-sha256_aes256-gcm_opensshS.pcapng	17224	8bb099f168417adc8562e0f74dcc2d22b4ccc45ed0fb569f5659592f4ec73200
160e06aff59acc956494341f106009ed__ssh_curve25519-aes256-gcm_opensshS.pcapng	22832	b61b860bb44909f23550405d58e408baf242ad8565cec4ea963f2dc43f0d73a3
1868d73fee89fce9d77c6ba21929e773__sip-rtp-opus-hybrid.pcap	2772	e21bc5198696c26ce0772997032d532721cafd87ef7c9309bab30a22303ae944
1920x1080_H.265.pcapng	1014304	87a68153199b79a14611d27d55f6a56ddf9436ab2d4f3d6ca7c2ce98ac4041d4
19568882943f275165a5c314f35c024f__mp4-ftyp-styp-sidx.pcap	6460	33a8eb1ff8df57306b7fb70a19060f9999a395fb6d3d8c6b9391d0abe082456f
1b328a71c8c503e5bfdeb2fe143402af__dhcpv6_1.pcap	1404	36a07e69705d8a6dd3d18ba570ac5c38cda24127fb85d7e8007225e8774c4d6b
1ca2e5ae2519eda3a0d2328a2b5d8222__XHC20-LogitechUnifying.pcapng.gz	5173	689923eaf8dbb4af6b97cf2ce717c8cb798a8757689eb51be372ff459faa6c74
1d5d8e249b46a446eaecc7970b8d129d__rtp-opus-only.pcap	83392	66b5a22ee4f9047e4d858560cc9c6b81c2dabf65eefe19b389e93e555d6bb712
1f2351885a425ae58c1d544f4c11c3ca__wcf_nettcpbinding.pcapng	22888	4c079ba67ae15473eefab00fa55c4df0fd4baf2fc1a66a20e4a69c1490ff3c9a
200722_tcp_anon.pcapng	12800	5295b16ea117fa8bb1a65418fca81e709bea58d3a830bc3bb5c4a2ed0466ea9c
200722_win_scale_examples_anon.pcapng	2976	3e953bc45004eaa1e833444c52ba4d2b92240e5427d30e70773e8fc5faa610dc
204b8eb1a66421c6f9324d4211f6ed45__STP_UplinkFast.pcapng	1524	ae46d3121a10dd70b2e91477af5f8118e226374841dfd2e6ea2f50c88c6f7e78
27707187aeb30df68e70c8fb9d614981__http.cap	25803	25a72bdf10339f2c29916920c8b9501d294923108de8f29b19aba7cc001ab60d
2dParityFEC-Example.cap.gz	23160	a0925513a7cc14bfe939cfdaf78cd444c4ae1c6576c29b2cd5855baa42c8cc66
31512202644437433637e62f32a116ad__dhcpfo.pcapng	44780	042b89171042c0da25c77808d1d721e3033cfa14d4d7dbe115e779d790b8f245
35812d74f0d49a361a36491d69697052__ch11-25-slt.pcap	96951	b0d1a3a3793630c8954284bc4cef76f561f3b197300e4804a1255c8674187732
3cf483c3e8d551cc60faa50669542e25__ssh_curve25519-aes128-cbc_opensshS.pcapng	21284	cf157051aab6883882816ffc8ca606e7ccd469db3a62317a69c5f829a5e05df7
3gpp_mc.cap	66684	5ee2a424004bd43476e2d5986bf511f036414b3f1372687b7bcbce256a5d29f0
40d16f2106f8f5bd3e2b7bb19547f43e__create_two_tasks_then_enum_RPC_C_AUTHN_LEVEL_CONNECT_NTLMv2.pcapng	10672	612dd542248956a32f216f6f7d04210ec52219300b5c45d5bb48704d3e71497d
43f6d21d7fd73ff9b5e3e58b9bdb0604__create_two_tasks_then_enum_RPC_C_AUTHN_LEVEL_PKT_PRIVACY_NTLMv2__password_clem.pcapng	10836	2b4ca259f2bf2dc712f1b2cdd158c9b798a832d55a7fec01da76ad7318c0fea6
45389650ebd1546f36a894aa3febcd29__ST2110-40-OP47_Teletext.pcap	371432	394ef65231b9adcad09718378327a45f4a6ce2f891820c3ed9080a5ac084de15
468f1c2e199ff61c43047b0a6467e039__ssh_dhg16-sha512_aes256-gcm_opensshS.pcapng	21456	155317adae96c2c988535e9b19c088db15ead2715509cdd26d365c640cb8d04e
486520825a0a8fb0372a77f70f0afbfc__alp-sample2.pcap	126969	71c99327074855978eb725c51e4d574f0e574af63a5328c7e7380b052ee2de60
4dde0c0be2c88ad980a0f42a9f1507cb__protobuf_udp_addressbook_with_image.pcapng	716	0a0ddfbec1d7372e11a9234332e992dcd4dc12e8ee0b1b54a70709af46a7c20e
4e4c7e04ffc237af7b09e1e890e884ee__XHC20-MicrosoftKeyboard.pcapng.gz	4160	d7afd68431bdfa003350d7f3559ecdde77e39647a93a4bd6d416d4ded9a9151f
53dc45c557cf877642381b8e9b964671__ShortMAPI.pcapng	6716	3d0ea38d2cefc82921a5164b0097f69ad1f1448836e71acbc6a63de4c3497c93
53f6885e55de6c7ac0c8b516793f3aea__create_two_tasks_then_enum_RPC_C_AUTHN_LEVEL_PKT_PRIVACY_NTLMv1_ESS__password_clem.pcapng	10860	f7e23d3d4b54ac083639921a29006f1d10e7588f89c0dd5d990c9732c1a05289
550900aaf417e9e1429f843b3384d37f__ssh_curve25519-aes256-cbc_opensshS.pcapng	22156	561d74f03f0e44d3b59d387547bb354695437b926a8b49522ccbe34a85c5a2e8
5786c3aca4f163fdbdcf55d92da6c3f2__rarp_req_reply.pcapng	288	eda5a20d0f4cca31a32087c44e24ed4d6bfa599869b7e0b46c3a57a625c118f2
5dd1493c0e749bca6b0aaa8bcff36f86__sftp_dhgex-sha1_aes256-gcm_openssh-reassembleS.pcapng	237712	fce92485ce71df2020ef6351ca14581686ec77ebd01b3d0edbd121f5f357d355
5fd073d53e914a16d5d40297b76893b1__ntlm_ldap.pcapng	15724	d5d2fe0e4701b733ba97c9f6165b5bd4e2b685c81ffe853e4a8dddb9ea03f7ba
64bfcee3cc3e25d56c6cd43eb5f82d4b__notifyLTE.pcap	126	75e2cf0526edf4a9bcba26d5cd34527556108646856d567287252007965948ed
6LoWPAN.pcap.gz	12358	a800905f4df5b3f04cea165e590555b130400dcdd09edef948c14cb00e9e5a08
6d256616bd64beb043f8c9734add5323__ssh_curve25519-aes128-gcm_opensshS.pcapng	23848	7d2b19f1621b4032caad385c400302e367d2dad8f8e5a643c9f83527a73cdbc7
6in4.pcap.gz	2037	36928314a7e83e4459f6d50cf7e1c2bf48ef3ec443237dffab580ff351c5ebc9
6lowpan-rfrag-icmpv6.pcapng	4776	ee1083b5f01343c6b0559773eae31f08de51ba89919f890fe14269af0c99ac8d
6to4.pcap	4327	60276f858c2f139edef51dc06f53b407564604034ca6bb01e192e5f8a35c3cd1
70bcad147eed51f7781fd923275e3270__zabbix70-proxy-and-agent.pcapng	912016	fe6e5a3c7564b2d389adcc1cc4aa98506f3772643fcbf9b796f9369bad7aad55
74b6a267bb2747cfda145073c4b28c33__sftp_curve25519-aes128-ctr_reassembleS.pcapng	237584	100e201522fce468ba7efed926494d1e8129f65bdd8ad32228e08356b78e8218
75a5403498cbf5706846a1769fc4bed9__ssh_curve25519-aes192-ctr_opensshS.pcapng	19776	00917336f830ede27885181e4605ba5b8f6e7952360706a546f748f15e80df50
7940c660756079683f446828c530749e__sftp_dhgex-sha1_aes128-ctr-reassembledS.pcapng	239284	622667da93ebc907fd61563a6c83b8b1cad880bf80b05968fa5aa9cf31975436
7_oracle10_2016.pcapng	27932	be8752ba97ce17dd0db46b2aa554dd4adcf05516ea812223f111149f67b225a2
7a07fda6a9f20a51f066edc112547f47__ST2110-40-Closed_Captions.cap	395882	43d114ac3d9ed295be6f76cd1c3ba76567f9190a10677b694a4b5c59cd64f0ce
806d18a795138d97530ff2d2124e31c5__new_rfp_on_wire.pcap	18048	029cc84d852d4152b367c2bd3e7b408ae1262938cea565e747e15d6af7881a20
88c03db83efb2e3253c88f853d40477b__grpc_person_search_json_with_image.pcapng	3500	8753dc92c63c2aae2dc36652bbd6899411e9f598d39e0f914982df01aaacb0ee
8_oracle11_2016.pcapng	38316	4aaf68162a0a7ac3676fdcd8f56ff86614b0d38a518fc2484480c8b1f4ff1003
8cc24f6593e3dc5966a8e248bb641fc8__misc_anc_2110-40.pcap	406598	8fcce9b8895b05ded13dd4ceebc4afff64867eb31ba43f71e1d1eec2e209702f
8d3d0627231ab1e2fa5d3fe8be2390a7__stp.pcap	7320	8d3072b97b0abebdbf38dd4f97481859e9769a9262380e4bb3cec7f4b3784996
8eb5f741102d4055e21028ea000940ff__sftp_curve25519-chacha20-poly1305_openssh-reassembleS.pcapng	235900	5c008db9bb56bf3f3dffb16f7d44e86b40f7c043aea16958c6484315434aed8c
903222862425d3a06d389b7e052b1b6d__curl-wsdl-win64.scap	554724	0f8d58c2de5b2813d3bb88897fb876d7019e9bb21d7d3a087ee6b51eaae8d207
91c60642af8585df52f9635bed49746a__ST2110-40_ancillary_data.pcap	110024	d5f31c844d580448ba422c8da64146a9e174754fdf8071d4a72c465e7bf5a640
93d91977bbd42e909d7e8ba9d6030cb3__mdb_bill_validator.pcap	286	65fc61bc3c9f52c4c1c26547ab66d4f4a3a61fa41bb326d083c6702b1f8aef43
955544b57a0f4e09a422abc56bd6e9f8__ssh_curve25519-aes192-cbc_opensshS.pcapng	21156	90fa2d5aca59826ba54b3a756dd09fde53addf006bac7cb50e1b3e45d6c2d15a
96afe21b136f715d5b96df4a646c57d9__pcapng-example.pcapng	380508	e00b21a95b4a3edb672170a685dd1b22dac4892f67f3318753045c2937bab6f8
98beaeb0c3211e9554e5a0f2353b8e33__ssh_curve25519-aes128-ctr_opensshS.pcapng	19744	6efb3262273e97f37118094d19b92b4f7c706b95612f2be9650bd8e7c475ec03
99d63eaf8a2780a1da96cb111267deea__anony-tcp-std.pcap	97831	14b1e12fca48be162db2fe81b7f0e712903af733568f307c66f345fd83677de5
9_oracle12_2016.pcapng	16668	ef51b00231840d1d935e907ca5df0ba654efd31b7d02d71151d583c7445ef88f
9p.cap	20957	60c2466b3f863f104413bdc9f2d4f71889461a898e86e786f5792830cfbc08d2
Apple_IP-over-IEEE_1394_Packet.pcap	96	efe8bfd38bee97e411a856f55b7140c498bafea7aa5d07c425b6b7b4dbdb3304
Asphodel_WMRTCP5135.pcapng	884180	9a44c3749bc97ec50bb7b78cbb157194e01b31c57d3c9a29ecba7023d7e67224
Asterisk_ZFONE_XLITE.pcap	255581	7fd332c99d68a6c99f84cc39a9f2f15b08fb360fe4e49c35cdc7e30f4d0b9833
BITTORRENT.pcap	43992	d71306465ec22cf0c65c513b8f2d009320106292f22a941298cfe4d6d1de747c
BT_USB_LinCooked_Eth_80211_RT.ntar.gz	285217	93704f565781c2258082e14fcf9d6783f153ccafd8d328ec0d702c1c4fe22612
BitTorrent.Transfer1.cap	2610	25a2964098f7e7a21564cc2074016df7129d0ebd99cfb45b0a5ee79cb0a24f0f
Bluetooth1.cap	5577	e9020a5560684a7f8a11124ef61b22d7780a6c4eab775df7d4db252e28dc2b1c
Bluetooth_HCI_and_OBEX_Transaction_over_USB.ntar.gz	1238572	064ba9ed1c19aab096c054f7c622371d19c83764c42535a8ee4191d3146dbcd8
D-1-Anonymous-Anonymous-D-OFF-27d01m2009y-00h00m00s-0a0None.trc	2026	e5f852de8300d76b1b083135c81af8ca0bca64beda1083c89a0b3b5825fa0878
DHCPv6.pcap	1627	4ae07cbcfdd3fb616c1c051945e931576778057762576510c54ebea52c636c25
DICOM_C-ECHO-echoscu.pcap	2802	7e3d8f249aaed473c3a388d6799587b1e20a6972869beaf01b87938c2c74d696
DIS_EntityState_1.pcapng	63440	74d671d65e34501b796e75a429d71a28d608b28ac00926f81c26552c0146ce3c
DIS_EntityState_2.pcapng	3332	0f9d26dc8779785d78a664f05df78d988c8583aed98cf255b5b70035d2aa7810
DIS_EnvironmentalProcess.pcapng	55600	56a1bea302475f749dc5354e542442f97a766ce4609f165941ac91ec42b60955
DIS_Signal.pcapng	239672	d3fc32e53954b96cf7b71981aae0a5b0375eaf20c297fff7cc6a089add5216ec
DIS_signal_and_transmitter.pcapng	153172	c2e9f0d9fc28b1c06df47d5b9e033b0399fa111a7d0fe3334b6134f713fa2ce2
DTMFsipinfo.pcap	25429	647311bbee1d36368bf169c43fda76f95263065883b28132e5effb668f431477
DTP.pcapng	596	464036203845f438ae5546b5fa33a556fbb5bf4e9a0844aaa6c42ac4935fe8ac
EA_Request.pcapng	1724	1d1b397381b49df6c7238e72666530d439bdbde483cc6d50fb644128dfb58395
EIGRP_Neighbors.cap	1304	56cd9dfec8bb67476f93b81791a6fe4882ccdfec94b6209c8a843bb9cfab7350
EmergeSync.cap	6826082	3a424cdcd57f32cdbd00a7c8340e3e67bcb8dc3c1756476c56d7425b89ae8cde
Ether-S-IO_traffic_01.pcap.gz	51906	bc197cb78e25bb480b2b71ce489dd60b4153871af17cc96d997ba3cb293ee138
Ethernet_Pause_Frame.cap	215	1aa173737b12799ca2a29ef5bc0b12aae1eaf8d4d4393688c43d318799be60bd
FAX-Call-t38-CA-TDM-SIP-FB-1.pcap	1586929	a14f0315bfb60252cb2b8cd678a3152f4603927c1f7814a33c1240d785be46c3
FTPv6-1.cap	178762	6ef8184b5770ee7a59853db213a2394a4eef72f7b245a31bb7f86c21c987aa1f
FTPv6-2.cap	408036	834b3cb56e0fe6dc12ac1548558707d378638804d9f34affc3bec05895619dca
IEC104_SQ.pcapng	584	f855a11326f7aa4f719b1fbb65e5f8dfe3d9d194185a8f5faf5b5dc3cb831227
IGMP-dataset.pcap	11196	08c3837517f207aa59197aaf252e55afb557e336cb0581beabd892d32e71d9fa
IrDA_Traffic.ntar	18572	4b94cfc44010a3c0a41aa01e5c64e0004cad8eaa87087e728cb2d8f5b7348a40
KasperskyPackets.CAP	214777	2c6e4300a154aad7b132b55298d265a859d008829a73adffe97e1c13789c81c4
MCPE-0.15.pcapng	19676	76052a4600d0a777c3b0153aa8acaa9b8662ee21013c431315087886576c743a
MGCP.pcap	1385	e2947c955c278f7f4f07c858462793c7ee63939aa7cf301bfd20c33faa5ad99d
MagicJack-_short_call.pcap	315435	17c684a8b2effc1342516d88f5e8c7fd824f1f80e3fa8251eabdf0681e980b4c
Manolito2.cap	817764	2db820e9541d6d768ceab8964a4e5c1876e96d1085ff07f8d6b281308dae76e9
MicrosoftNTP.cap	434397	3d7a8994d4a5ac60fd1052cac50d93664aa1f5c9b71d10968785508c58d8f2d4
Mixed1.cap	15220	5db5e0d38ffb99ff75a97972fbf42520f1350f9d429ddeae898741e1c77be984
Mobile-Originating-Call(AMR).pcap	28475	bf4f5b9350309a6aff708c75203ce67734810ab23ad101c2af09399b94e3b386
Mobile-Terminating-Call(AMR).pcap	29127	8a9efc72009be3ae0701c69b378af8adf7dd81e27840701627fdeac7c1aa30a5
NTLM-wenchao.pcap	49851	577931e35cf02e24eb575a6b612e94e4ed389699bb950dddf1f9f90e9464978e
NTP_sync.pcap	3851	227c60c42b80e646e7f425b46f5fb1cb3d48ba5be6924c3d55fab67adf258684
Network_Join_Nokia_Mobile.pcap	164976	8c65e7a88d1daff9672f5d15ef3365f1360efbfc631953d75da895ac87e5cd5c
Obsolete_Packets.cap	1608518	11e97d6c0e8dde151a58fa3beffdba9882f17d7017bc6f7299867636fa2882c2
OptoMMP.pcap	8590	35f64202de11f797e2e223756021ac23dbab843774343f478191b0358573a265
PPP-config.cap	1914	5b45c209c54d8b781071e52299511ee21c74971e64670aa08420e82d999fe062
PPPHandshake.cap	1656	a6530cb9fe6d8f5d50ae65a61674eb09b3dcfe1c49e183bba2c8cd68d845eed1
PRIV_bootp-both_overload.pcap	364	49b22cdecb1ab5b9c299fc0e2b87b18e0215f8f9f06bc0f41b0a3f69111b56e6
PRIV_bootp-both_overload_empty-no_end.pcap	364	5e4e53eefce0924a46e0e4cb5ed3217a798e0a8a39e7c2e9f7fe71abe705ce26
PioletSearch.Manolito.cap	118221	0186082fa35b9a51822fa20231f0940aab6543d559f49e3cb269b3fb1136277b
Public_nic	59184	7eed021b7948758c1b5fcb4a9ccb3bad5ae3f44f4093836faa51e0a6d4f5527c
RIP_v1	2648	c1e09a224df82cb6b10a3bbf81509ce9cd3d447e42eb5f712e8bce5e3e5c3b23
RTP_L16_monaural_sample.pcapng	2829584	e15ab9989de7c4e03a51eb752f4b1b97b24818a35fb9ae8ac62d1fd3112de079
RTSPPACKETS1.cap	3480	0596f6a93b4cd86ed4144075cc576326c88b35c6eb031c922b094310b5d26318
RawPacketIPv6Tunnel-UK6x.cap	41990	1b07e3669d25af18cbd0b3508ff4b986a992ed74aab79cb1a541b4d19016083a
Read-FeliCa-Lite-NDEF-Tags.cap	100228	6a0ac67bef189d415166e718fe4d4b7ee7378f08a4dec74ffceecfc1e35ff0f0
S5066-Expedited.pcap	1307	dd5349fdcdb960d65c89f070ac2e08426d53566698a899ca300537614b8a4f70
S5066-HFChat-1.pcap	3391	abf4f64e44d64023e5470651d79354e1a415a576d8d4ab0dd245afc254355ab8
S5066-HFChat-Rejected.pcap	1498	5e415965b04c6b4890478c7946943a72284806585280a483f777d7a39d7a5d9f
SCTP-INIT-Collision.cap	3712	3a3aafd27f46a7daeb8df2db450b81dc1d72d941ba6603c6b9d5638f762a5fa1
SIMULCRYPT.pcap	10200	d88c2b93c86425c32e14595cb5906044ad4b4a306e049a53ba59792cbef9e60f
SIP_CALL_RTP_G711	923836	db50e90595e48c9669de2bb32d400e7193e816146311dfbfd5e7169feda1e98a
SIP_DTMF2.cap	420411	cda1e4673d334eea7c86546076a3e0a4427227493aef9de620d1ed2b635697a9
SITA-Protocols.cap	15262	19dd00ec07755d346c26f9da5c786aabcb94d9cf3ec24d0c0de5d9da2f032fd6
SMB-locking.pcapng.gz	4931210	3030c045dc2a6cf0ece38181003749de1b21ae1e5aef9d0088fbe74107947198
SkypeIRC.cap	420869	bac79a9c3413637f871193589d848697af895b7f2700d949022224d59aa6830f
SoulSeekRoom.cap	11939	5964ed84b57e94d99991a0ddfd090a5b50c229b46619cf49205b14a378309d09
Stanag5066-RAW-ENCAP-Bftp-Exchange-tx.pcap	758	422629671ef84923613f58c29f05288f252fe208bcd3e7214bdfad4d182e3352
Stanag5066-TCP-ENCAP-Bftp-Exchange-tx-rx.pcapng	14600	5b6b8fd2dcfa042c2467b766b75e37668b6a507777ee8b8d021e823759198100
SyncE_bidirectional.pcapng	1752	211dab20fc84cecb31332e151771d995d1b8a09a9479757f5ad476426d76d118
TIPC-over-TCP_MTU-discovery.pcap.gz	108959	268136568286e96ffb77e18ff180b721159b8d0c327cf30c9ca399a06e388e52
TIPC-over-TCP_disc-publ-inventory_sim-withd.pcap.gz	158853	335417858c50d1567a5b9c33ad11de6288a12274be2faa080a4a725907632b24
TNS_Oracle1.pcap	14167	08055df1aa03cf2d65fd51beea81335853516e609ced076f63d11ffe08ba09c4
TNS_Oracle2.pcap	6606	a79cfab363dabdadb5f29c57472dff5c0040598748113277fc8ec4aa504646c4
TNS_Oracle3.pcap	7408	0b132c0482c494b79c37d1c3cc7ae08ee0a3c130c2d085887baf0eb870fb77ad
TNS_Oracle4.pcap	1095	5d61fee2c3e2ad9f1087f80c35910d904dd6b848d11eefdb325ba36e031dc11f
TNS_Oracle5.pcap	17367	582fb842d74e87c58f7c2511fcf4abc8a32a1634aebf2c3544d37003788f2d62
TTE_mix_small.pcap	3531	2046e4503d7387189b764c24e015d5645093855e2c816a42b2513c489affbc92
TeamSpeak2.pcap	3387	35be4d3b977efd0fb9aae1c049091e7b67a7257349e2656877e887c9779d5b1f
Teredo.pcap	26297	7389885b99afa82fda1b443bf0362b699050213fb9aabd505f593670d2e29b8b
ThreadCommissioning-JPAKE-DTLS-1.pcapng	4076	d6bcebee73197c6942dee942a2c0fa1c987b8c805e5bd9efde19bcf55149ff56
ThreadCommissioning-JPAKE-DTLS-2.pcapng	8016	113a5cf22cecbe120deb13bf23ea9f93de3fdb3d632d2edd9da4bb4a66747949
ThreadCommissioning-JPAKE-DTLS-NSS	529	3e0b06d7cd4b5637c8ee58a7b47aa6c85bdd46536a06afeef54ac0ab04d53acc
UFTP_v3_transfer.pcapng	301164	1f779281902536d99b6c64870a4f157b61a127585e89a502eddeaa238340249d
UFTP_v4_transfer.pcapng	305016	3c6be5be7b7832b638e870f5d9e7c7fc850a17a7f4ad54f8280619b6be3922ab
UFTP_v5_transfer.pcapng	184360	76af1df4fa2879cccafe60c13bf4ccb966a9bb0984203af7dc39ec2c5824b455
UMTS_FP_MAC_RLC_RRC_NBAP.pcap	583050	d02320455d7cacdfa8a998f9b25064e722d1403d6b8282650fd45d3dd4792de4
UserLog.pcap	152508	32f800010f773cbc6039914d0045d721b4bb4bac3aa9d144745feb1cfcb026c1
VariousUSBDevices.pcap	278004	6f91f0641cb7f645d3d024c45671d7e80f23236ac3c0f9d0d3283cc0f4bc8cf2
WAP_WBXML_Provisioning_Push.pcap	485	1f295e16a381d50e0e679450d2884f01263b260ad770357224ba23e8ec3e528a
WINS-Replication-01.cap.gz	2022	04ddad993e5c6e0a81b8bdd85c004daf38e5875b160962cacd768c03e08c1200
WINS-Replication-02.cap.gz	6004	ed1e7598e8bb71ef7214a563aaeb161aca49735084efddaba4d767edb1448a09
WINS-Replication-03.cap.gz	18413	7be668d22643a5316bde60d044ad76a9bbfccbab723135c31828eef8f1dc0632
a0884e575b7edb2034948fd1bb13e5fa__lls-tables-alp.pcap	20042	b912e950167ff047052105101c42bd77002387ee7a7b0e6dc695c5cca1dba57a
a3a58b20372363f9bff0ca25bd7b6bb5__ssh_curve25519-aes256-ctr_opensshS.pcapng	18880	1c36e4404931a23aa1a193f53a9e7409d959c0aa65359732e979bb9053db689d
a4226d1d2a97707d0ae8da09a1e97aab__zabbix30-proxy-and-agent.pcapng	71468	93bf1dc7c8c40b7c506e181776070d2abc509b3d2f35e2f22b0ed4b5a0dbb667
aaa.pcap	111077	da24856f4c9943b93926ebcec9e9b28bd5b4eaf14274aad72a3f5d612cfaef2e
abis-accept-network.pcap	4919	c260657fd584dde60e65425d50cf5dc8cd6f63a5bb933a7cd8ab20f53f1aa89b
abis-reject-network.pcap	4495	198005ddf8d91878102913126800282ac6cb60bd8732f019596a38fc8ed57c03
acn_capture_example_1.cap	5388	c5f568aa34845464b253b229ad54b77f4b3478f7ee272da703fded08873af5db
afs.cap.gz	162657	73e012e50eac6d7497b5fb04fa29c9368429a804e6356e72917563cb1d64b532
airtunes-1.pcap	1425177	aff5e7e1fa4448b3a9dd6fd000a4a5a0d5d571ed687f160c811c70eaef87b0f9
amqps.pcapng	8484	7c19e0f35062794bfc02e88bf1db1e6c1ff3b686ec9e87867d56aa80c1a77c55
ancp.pcap.gz	1599	70d3b1361c2486391f1b5aff942610a42cd0e730637b1024bffb159c8c138540
ansi_map_ota.pcap	4232	78feeaf9e22214a0b0233b25a12b906cb63a3d1bd848e7cbaad1c87737e03522
ansi_map_win.pcap	1890	075cfdb6c50d6962d14da877997eaf13f7b1115a9ff423c0eca2176c4f2a16aa
ansi_tcap_over_itu_sccp_over_mtp3_over_mtp2.pcap	188	b9cdeb2a8f8ed44db39d671e4c401a20992224dd7213c5f171324d07582b2b09
apache-cassandra-cql-v3.pcapng.gz	30265	62380a307c2f50eb07be80b21a94839e25e2204833aaf2d1a02382fb4f2dda04
arp-storm.pcap	47296	dc101ea9bfda59f56b54bfb949195c3f169032c045b47f98e6952a86933c1b8d
ascend.trace.gz	23073	e98ff84e292b3a96275e9bc3ae7dd09a016937e5f7c005a53982b83e7418ac20
atm_capture1.cap	1224	414be28cf3948111ec878583ca4dd68239a2b7fef876b23dea53bdec80c9e38f
b2f61c813d697e3ed22accf728de3122__protobuf_tcp_addressbook.pcapng	2572	a5d6242591950932b9584ac377083dd8b7d3a636ee21e34512418547d8fa45e3
b35172e69ec15d2c36f3edb41c71e610__XHC20-OpenVizsla.pcapng.gz	77464	53b90a608936bf4a9f6c9664c5fa90ca4629d82effae19fa091f315346da95a2
b4c23a1edd452d70ec8ed56e94e9e9af__bacnet-arcnet-linux.cap	32960	370072c61f6688f52707671cb5cb1e00837dbf11ffd0da3557f83cbf0ae6f877
b6300a.cap	11929	2bd9ce058bad216a52eeb36c81e937fdf672333744b52c231ecade9e3550feaf
ba57fec886040bb63510a00ca3a8a2ad__ssh_dhg18-sha512_aes256-gcm_opensshS.pcapng	23864	a6db7a95d774ddaa7a19eca91929699cc7891d69be8b5f5c40227cb59b1597b0
bafb8befbc0d09c4da762a54dfc3215d__mesh_assoc_truncated.pcapng	6388	c7bbabf3e51956d7f0c65eb1252a2b9e577bde3b3df1394320833c6e7fa2f5f0
bfd-raw-auth-md5.pcap	3434	54bbea4646c22750db2004d91d51665b5b4deb8a1cddb6c540a21fdf1b18f629
bfd-raw-auth-sha1.pcap	2874	a4b69aecb0b51806526a6bb3b9aafccc5cb2627fa70b9af37bbb9dbe69f5a9fc
bfd-raw-auth-simple.pcap	1449	30e7d86ef2d958b2f0d0d46b872ab91baecc7048cd882b668d33143fc6857b5e
bgp.pcap.gz	766	20a297face4bbab26f8fc352c4ff66cd3289583843c62b3747fe3b8202f0c37d
bgp.pcapng.gz	5298	32f42b3be31bbd049b5a83bd55a72f87e022c182a30c2d5b1726fb7f51ba0dc8
bgp_shutdown_communication.pcap	946	6f7f6afcdc1e49c7ee7bcc998df7fdb3ee794a8ddc7806c840c161e328f5bbbc
bgpsec.pcap	4748063	38e04070de079a97f7b14c836a74d448cdbd2d8a935da405aa28bca0958c0bb1
bicc.pcap	382	b84d58a6e2d14fdb5d143e57d8d9cb52502c16112111afe41ae085d6b7659554
bmp.pcap	5523	0dfe06d76c68b6f1d2a6d4abb58b5e3b59bdc245a5a970d88aa169b206c7b61f
bootparams.cap.gz	622	de78b0a2e1b88d3d0618f1b4fd06e626217c55fccb3a8ae77bbbd1d54f6a0854
c04-wap-r1.pcap.gz	151724	c79f6942bd3d67dc55831e40b296a39249ffca693197513222494f998dc29c7e
c05-http-reply-r1.pcap.gz	1829649	f74550eb98cf9e3141ec113d8b069a5439fea06c9158e33b2fdb2e939bfb1067
c06-ldapv3-app-r1.pcap.gz	1981770	d4fdd6b1795154747cb96389540d0b296230a7e9260fbc903f0bc377c261d109
c06-ldapv3-enc-r1.pcap.gz	1955428	0931977c24c8d80639cc1714ed1c625a5acb16a8192c1e8edd6f3fd78516c94e
c06-snmpv1-req-app-r1.pcap.gz	410903	5c37469956ab47c72689ed571acfdf834fffd8f08c49e9a001d84d745da9ea60
c06-snmpv1-req-enc-r1.pcap.gz	595433	7f93b5ba13c3d8f416b5189c7e581ed06f6be7307d8e738c31555c12dcf2572a
c06-snmpv1-trap-app-r1.pcap.gz	530449	c5f4da4f2b98b56b72512a0dc52665301a398cd61b0794b543b73b3d4769c635
c06-snmpv1-trap-enc-r1.pcap.gz	242726	e66d0998a5db6e3ed51dba36706197c0afeb59d3d9b1dd1464db0842e662d1d9
c07-sip-r2.cap	131329	a347df63cbd61e942757062bb24702c89025f5a8361562db1c1bad333c817491
c1222_over_ipv6.pcap	1443	3d47b3ac836fabfbe31fb60b38a172eceb5bdd25ecf858c3ff8ede532fa95c97
c1222_std_example8.pcap	319	cfe4131e2070878ade9a33d6ee377d1a6d4b8d96d84cc6c5b68989fff6c94764
c1222overIPv4.cap.gz	339	28a0f943089129644aa343461bee76823cf3d7a5a450fed9924818615ef6bce3
c425dd4bb60f7d7ea35ec1b924bf3788__protobuf_udp_addressbook_with_image_ts.pcapng	736	9d1811daa3d3aa17f8dd00a5ed78271294f1cbc06e19286bacdefc81ceeafa57
c45aa4606b860d707db92e180c147001__ikev2_s2s_ipsec_vpn_aes_gcm.pcapng	3356	7802a8edc23470f698094263479d6f2cd1672ce71a404a604ca741a8a9994615
c5eb22240c76f97801c6120017196bcd__jaeger-compact.pcap	2116	24bc545d19723d94a54fb2127ced8d2e97ba9b9f32c20db315ad4b9cc94c586e
camel.pcap	1018	063f90d8e9064031a40b27a32ae5b73fe7277a19f531f302484edb70a821c62d
camel2.pcap	924	5ecb324777bd6eb41587184e661d4b15a05d07d1ad897eb4b54b546a2ad89221
can-2003-0003.pcap	3592	47d78874a5a49f626a3ae9084225042b4dfb29b53de01f991239719d2bb21ffc
caneth.pcapng	55108	99025687b79946f2f3472e95f0ca52e2520b9306048f044325d8ce0af088799d
captura.NNTP.cap	221969	c69f776f0363ce8999cdb0a73b3e643e6fe0695fd40fad5240e7871dadcd5236
cc35c2f0b03269774fb4dd501d510c55__isis_p2p_adjacency_sync.pcapng	12040	d344b2aacf60c32731b9996f62c3430d6140456fac991f39f2c26fcef32027e0
cdp-BCM1100.cap	126	f231d5ff83e89c1ddda3b6b1fd70ac75a352dc45096763fc73ce9dd5eccf12ab
cdp.pcap	340	4576399035dd17d9e66197458ed40e978bfd536c3cd6f9c3ccbb79f695b1c7ce
cdp_v2.pcap	1948	90ec1ad708be84af0844a45e4e2f7ef6bdd014d72da215568d496231d4f87e4b
chargen-tcp.pcap	14918	8818049027a7a1b0e35a9c0131c4d650664b0a8dcc4574a3d0306522df94cddc
chargen-udp.pcap	1182	bef90b0984feb1dee3c2396c705997ff49e30f526880c0acaf6248783413a5f8
cigi2.pcap.gz	66687	16477bd5551f8a95747837e10ca59a5825a21ad42b8cc39bbeac115247532d1b
cigi3.pcap.gz	53802	1799dd63f2b276e63cfe82a045f681a560da733c4ef8629c964e439e2ad0a086
ciscowl.pcap.gz	5619	eaa24dd5dbed0aef3fcab4aa897a878dcd3e6516909c6d8cedce4fbd25654d30
ciscowl_version_0xc1.pcap.gz	1668	635edfe0b473b140eb0d2053623f6228377391314dba8fd87ac400decae2c48e
cmp-in-http-with-errors-in-cmp-protocol.pcap.gz	3031	66c0647c418d351e7c76b49ba3b33fd039edf9b66ab87b7702d4e6f144cd8b55
cmp-trace.pcap.gz	268940	89751ca282b907361b09a4e9b1871c25191450617f3c41a1312d4fca0e769f18
cmp_IR_sequence_-OpenSSL-EJBCA.pcap	5535	cd18dce376b3b2f1b7a9d01d8af062a95e0a7de93e3f424b65babbca35587464
cmp_IR_sequence_OpenSSL-Cryptlib.pcap	4147	84f6caca06520859b9eb4f17289c28e330a2a595c3698053d74d73c6646b6798
cmp_in_http_with_pkixcmp-poll_content_type.pcap.gz	2836	372fc27a666a04179ce0fbe5f75ecdf45653ba001f682578515035d35bc43427
coap-cbor.pcap	11603	a1242600ab6fad1d7ce081470a29235242fe5acd0c21d8da0550b7b910c95fa3
configuration_test_protocol_aka_loop.pcap	592	403e99de7ef383fba93cb56a188b6f5cb742d05a720d56373447d561efd71386
cops-pr.cap.gz	1134	8e7a9b5d86b99962da17c933bddf4478d394c632aff80999b5901239a4672304
couchbase-create-bucket.pcapng	972	b44b779b2f757d9031c575b505daf0e6a97b491c015c45d79d51ab46b5da336f
couchbase-lww.pcap	163740	7968e82e3cbf9a6ddf580526e00270346374d925b3a5c6fc7a7884bdaf57ccf3
couchbase-xattr.pcapng	23168	a93b93013d9b68dc642aa9787dcc645d113081af56bb79cc39eae6805328594d
couchbase_subdoc_multi.pcap	51720	6f37912afd8541b62338e4e9bf2c5a03d4e8f9804c47bbd04cb59e1ab6483123
curl-packets-syscalls-2016-05-04.pcapng	13110760	c2069e69ca6c3adaedc36746ac183d735d6e3ee4201cea03e8083b5e8dd27c15
d0fb4eb4158d4e0211296a2c0a199627__ssh_dhgex-sha256_aes256-gcm_opensshS.pcapng	21920	47edcbf32b2f4d7658ca34b18a76d2213addbc5741f673d739e33c7f4a055e63
d3e55b615c881eecfd6181098982637c__ssh_dhg1-sha1_aes256-gcm_opensshS.pcapng	21400	3a7cff99b9d1d4a8c93e5a51176ae71e865241cbb72fd158e40cb674444076a9
d3ee9660e7fea9f6fa1a918251225ca0__mdb_cashless_1.pcap	5681	8e740a3f6ab29d9bcdeff6ae014a58e0d32e896ef8f2e7fe599de9c8861c0a67
d9bfb8281125a1d71ed9d138a4d491ea__greb_filterlist.pcap	550	6e0f8e398c22f78a9fbc17e8b00a0728cdfc7556f61ac9aec0fbd4b9c2507751
dccp_trace.pcap.gz	93056	e62c6ae4cc483a17cf8ac387fc18bf5c84bc2bf8d1b869332e998b32aafead73
dcerpc-fault-stub-data-02.pcap.gz	10452	75b1328191f1d26acdfe0f527e0a2dd9d79aecde72b94ffbd3a7524faee466e0
dcerpc-winreg-with-rpc-sec-verification-trailer.pcap	207510	42866cd26b82085cc970f428175dbfe0d7d14250814372b577dd50272d632d93
dcerpc_witness.pcapng	113376	7fd6362ff6534a55be33d0c957aeb6e2ef33d3637d277d2bba5b5deaa58b48e1
dct2000_test.out	2326	6831040259fbedc29cea6f7d2b280ebc8db0e5f018ae65a5ada59200d98bc9fa
df619289f2986680173b8cd3035ca4ac__220614_ip_flags_google.pcapng	15936	d7e4c15f39ee60dbf6791596416ffdb5d24ea5e7fa1e2974bbecd5a3f99b730b
dhcp-and-dyndns.pcap.gz	2530	9ecf8ca50299a7bceaf7cf016ff0efc8a6c03634d40869318a82f32696605f30
dhcp-auth.pcap.gz	265	f9a8c3c417f90c77a44cfa75d2a7ba65b862b216f1fcd89b022b7c160b8d172a
dhcp-nanosecond.pcap	1400	9373e166ae72064cda66fd70e1139cb4807f410c9eb4f865df719181e7e05023
dhcp.pcap	1400	2471b5420bdac826eecf8f61a2bbb4a3eb20dbfab7c02ff2be502f349f368214
dhcp.pcapng	1508	e47f667c226a3f74ae033e488243399d1e31819c23b5ebe05d4b8377155a1666
djiuav.pcap.gz	4329833	9fe84e67ec06bbf0545febf9f49df7207b7bfdd98a72e1cfadb896c1248f4e2b
dlep.pcap	2956	61c6d68906433db4a8774e0e2745f2686c6eb2d80fd5a91ab9286e1c5ff6ad4f
dmp-examples.pcap.gz	667	30aa948389a609056ec8ee137e2a5491638d243d21b218d9c24f8c7e9231152d
dnp3_read.pcap	603	66f460ea8d274085f7b478a73bab987d79cfe062653fb36bdefc5fe942240fbe
dnp3_select_operate.pcap	936	9cc5c193218d78afba25fec251c4e91f682066f076225c6eaa642e8b32d34b7e
dnp3_write.pcap	610	b8aeabece2584bb6090f213a5a6e263e82d5308c48615c72718b11cc2437225d
dns-icmp.pcapng.gz	1588	c266c5eca471de11bc85600f4cf75d02c54f2879f8164d15b4bbb8986a72005d
dns-remoteshell.pcap	25005	8c89c0d2d5b91695a03d05a451897f583a99d2379afac0822af0d8f390163d95
dns.cap	4338	041eeb6f98bb398f1ee8b09651b5b5a84f6a62639f95bf226f9e7b77355d9f28
dns_port.pcap	671	badf9490a5bfdb632131bb393ad808776859a0c31a5056287de95d577dd1c11d
dof-short-capture.pcapng	634280	8500141145e12435b9fcfcf485981ca0df78c3a5bf388679dc4c9c4cf90154ea
dof-small-device.pcapng	284308	1b6b787f0893b038dbda90266da0f32a0c9a418683ae7b3315a42d3a9abb4857
dos_win98_smb_netbeui.pcapng	30608	552670d3d343f9e438121b45433a03300ecdd115f862aa000cc53c1b2c3c1389
dssetup_DsRoleDnsNameToFlatName_w2k.cap	1541	7d52805766e3954e51dbd5700cf5342cd2b0bc93c4410262f9d27999fc1b0f57
dssetup_DsRoleDnsNameToFlatName_w2k3_op_rng_error.cap	1299	8466e35cfb20a53bdd7e372f51fc142d54d62da8dd849ee310ed8532b3e2c60f
dssetup_DsRoleGetPrimaryDomainInformation_ad_dc.cap	1393	b15e2e6e492fead0b3b526d52e3494be25022f5f9b3de3d99342b47613e7ce35
dssetup_DsRoleGetPrimaryDomainInformation_ad_member.cap	1361	18febcfed1bb66abe3cff7fbbdc298c4ebffbb74ce0fcc2e01408eed0c88b654
dssetup_DsRoleGetPrimaryDomainInformation_standalone_workstation.cap	1619	59b9db9c89fd3b7385048306d74f738333e58d91d355ce322720e579de75761f
dssetup_DsRoleUpgradeDownlevelServer_MS04-011_exploit.cap	5242	6ef9c411c7bffde5c111d0d575f46bb5f63138449790b898684faee68fa5e74c
dualhome.iptrace	16122	b0c1c6aa3a32c47a65b29df0c3a3eef2cf94ab9a415ede7dd4812677bc53804d
dump_2009-02-02_23_17_18_RFPI_00_4e_b4_bd_50.pcap.gz	294966	a55deb97d776c501cd4a98fa144afacdcd141a75aa9a69e9db15e03ba642d254
dvb-ci_1.pcap	209112	b1d3faf8c0ff502b2dbaa1a5d087c855d18b5dfeff98aff0044cfd1397311072
dvb-ci_2.pcap	144168	dcdef43c7ad8d3f0beac86bdb16b57bab8067bf3a11613bb76359ce5dcae6cd4
dvb-ci_UV1_0000.pcap	101	b6ae72cb6c5738f0ee49a9466e8a5d6a361eb131e57a8cd0842d16b7b019de54
dvmrp-conv.cap	905	fe20bbaa1691b4e976b3283f9c57c81738da1e62f0255861f9a2ca57126466a4
e007a8f8e0e6f409f583568da22d8c62__ssh_dhg14-sha256_aes256-gcm_opensshS.pcapng	17224	8bb099f168417adc8562e0f74dcc2d22b4ccc45ed0fb569f5659592f4ec73200
e2b98423e5f0dc85e0b1228ebbd044e2__protobuf_udp_addressbook.pcapng	592	d95b6fd676a373d7f5722e7de43d2603789c4052a580f1e4227db0e745ce43cd
e7f404a74a805bd809b8ec565bacb031__XHC1-SanDiskExtremePortableSSD.pcapng	6516	980ad799a5b039c2803886957b723c62f45a13934929d74e6dfe98864e14c1a1
e8cebabd278b76e3bc9edbd484c4d293__http_PPI.cap	70587	4fc3ed1a0afefe504fb3005a86932f0cd84cd5246018c8bf12a8dc66862ca0db
eapol-mka.pcap	11480	19fdb72d4d0029147e9975afebc386fcca855b558f1e02d6942d5fb88cc3a060
ecaf7e0e2555d472607ea4c7323e24a5__msgpack-generated.pcap	2133	8c351176e5e75b4b8c2f62fc81f7dc07c6b1c4d05caa8198f4b602459e110616
ecpri.pcap	1445	bdd8d06ca1eb0476cf33d53ee09fa58f6ef81746c211a607d928b4893980b1a7
edp.eaps.mirror1.trace.gz	6983	923eab31764818a03df2955a4de14a751cce0e153f9210fb4e067e76b208c0ee
edp.eaps.mirror2.trace.gz	3057	bddc4689322f644700d178b4e204d001f9064254f34500850d6f5007cabb0797
edp.esrp.gz	898	084708b3d6d03d9dbe29852e968c05e8fd108570ab07e20a4a0bc9ad32cb3931
edp.trace.gz	159	6130134b58951f05d7678712903e742eb08e4b303f336d13fb7f5bf82a24eef4
edp1.trace.gz	250	13b6dd0dbb77c4f8d5b404c09f013c364286521b5fd3c297856ec36750f80e14
ef50161950b672bcc73d3d7b71c272bc__greb_notifyDSLfail_overLTE.cap	1474	bd1d99b1a550bd7c44cdb3b9fb10314877e5570ff36cbe894e5f4c8a8f727c3e
eia709.1-over-eia852.pcap	1062555	6fe2c844968e0b91a855effd3c3150d04caebdeead7150be69ca0fe2c6c296f4
eigrp-for-ipv6-auth.pcap	71733	d4e38e5bce6a1fb25fd6f8ffc6be9a8c0f50257be5aa295c569573d95a3ac5ef
eigrp-for-ipv6-stub.pcap	31263	15e1b84d096f51df0e81ad7c821d5b7e62cb25eaab248d7de08f947daffc683e
eigrp-for-ipv6-updates.pcap	49296	25c94608c7ee82ee3eef8b337961240ef5e301355f728ce5a012dd25e1846960
eigrp-ipx.pcap	6964	9569b45a78c7326f2a2aa7229887f90cdabeab7b727b32b23d3e7b35faec7ca8
epl.cap.gz	7791	d91a96ba0adfdbceae24d979d4ae2152ae3a08c0b9fe38e960e8bd3774309823
epl_sdo_udp.cap	5252	618ab2beca068c1f445c38ad317ad225ba4e177cc36696090cfa21419f4b01fa
epl_v1.cap.gz	829	240d8114a792e3dea2a3615fafd7afc9bad1a15b281a10b088e98a867eacd6d2
epmd.pcap	884	7685b1f06ee959347614711d4d6e7e50fba473ff7e18d0d68f9e3f78930be97c
erf-ethernet-example.erf	7696	ebf8b8ab502ea3eaa69f9cd355064665d0a6a822bff08bbcd1efeb41d75bd34f
ethercat.cap.gz	30896	67b032932255ae49b792cc14f0ed40ee00354957ba977bc689a1c6bd8f4a507f
etsi-its-cam-secured.pcapng	13368	42a1401f6f90ce7eff7ba11c62cc2aa444f914f91e8c9d2d01c53e416dc4d116
etsi-its-cam-unsecured.pcapng	1712	c57b36aac903af20642ba78bb26f3753b553d793f3e67baf777405176efac6c6
etsi-its-denm-secured.pcapng	17960	591d7eda6cef3ad01cef2185896ebcad2634fc9a6d3a3bbc6cf8e84bfde4746a
etsi-its-denm-unsecured.pcapng	19332	919c5dbb1afe8a1fc5c9b78da4a28e7d58deb41dd85d420115d202039fd77796
exablaze_trailer.pcap	3088	05fa032a18d1969e8153c8db7d91a01f0492f22fecc3ebfd51d267e8aed8d207
exec-sample.pcap	1153	05322cebbecbc7f3ca918f9d175cd76d1d10b93100ad62f96c102dbd4f12c9b4
f44766777e18d287025137ceab7df83e__getsetacl.cap	30360	fcb0bb81bd8d29fcdd9840a01cfa4ce5d89a95a543e7edb1aea4f4fc643b00d1
f59564719471dc67295224d1f18c4857__220703_arp-storm.pcapng	69760	0441878777852d48e4eb9db08ac688556149388408008c82f4307e5af06dfc92
f6fcdceb0248669c0b057bd15d45ab6f__grpc_person_search_protobuf_with_image.pcapng	3152	f6e0227a2e00b10f47a90bb2efe3d4a29ba83e47bc2f9190d0da8c635554e8f2
faca5622d7ec2f07f1a9ee3f062fdfac__ptpv2_anon.pcapng	4696	80eed7bc83e5e09aa7d3c7b9ed42c63cc3633ccc7b71691ced2c7550875b80b0
fce52472307ec7a4538651186f0b05ca__COTP_Example.pcapng.gz	846	0e5569a842e1b00ef5ba3c3ef43b692b0fdc3ea6b6b6146b40374561a73f6b58
fcgi.pcap.gz	67566	7c3bcba991d97dc7e46f9cc7466bec911e3288c54a58cac05ccb51b9f4b59573
fcip_trace.cap	30876	01de5af7798d5be21750c7e5e02cbdd3b31e31fc5bcedb3bf577ba89f8969322
fcoe-drop-rddata.cap	11708	69c547be7005f75c20bb24eb885b1c8104e53075aa10decb1d8dd147a3636f54
fcoe-t11-short.cap	2180	692472deb88078cc7725caa486172825419aeaade82d17177b03d420eea6189e
fcoe-t11.cap.gz	1914	aafa048e4597c6d34fc39db999f46fc7742a7e88af9df2678fe04099434b7932
fcoe1.cap	17462	0c3b519a57e6b90cf3c5e4b704c38d161d5b49c8f97ad7479df6a2e7f8cda7e4
ffedd6b9fa50190e1fd12de2b90f43a4__alp-sample1.pcap	10216	5a63b548d91bad55b77b18ee052b5bf86ee9653728296323f75a22432cac2dd0
fip-adv.cap.gz	1269	8657761baf75004a785a66fa3c01404e295dee76ba35cf96681bc3cd2426abf8
fip-ka.cap.gz	500	517237157440754f8eb9c8f8078244dcd7a7465d8f1f7367a97bd2ce8ac291b8
fix-ssl.pcap	410788	a0f94ed6ddaa2ffa510a99a141e2c282e9a935f360b4a1b91efbea24a8872453
fix.pcap	319202	330a46c58073f7120640bd733fc291647829f1bbdb1c36d070e5bbcf3fc699fa
fw1_mon2018.cap	3476	72d27f8868df065ebbd23fc538b99b8d299b2b00a0bc0edfc370f99b01a2f455
gearman.pcap	14470	56945d5492fe3cf34eda683ae61c28dc1ac114cda4012b1f14b1e0996fb74ea9
genbroad.snoop	29564	b0304252b2ff8b2d710d255e00ccdaca940c0e58a20daf1e3fb8d8d989b8b1ec
gopher.pcap	13523	6ee374c39cfa9c4893f1684ac91ae9f220f08b469ec48124c274c61fae3bdc5b
gryphon.cap	3328	91f6515d3d0cdcc878ae60c99a66d3071e4be86f5bc697ef3b4adbc090f0ed7d
gsm-r.uus1.pcap	535	d50c01f3823ea05f3a07c329aba1aff702521f5ba0ddfc31f9adb58b48bcfa20
gsm_map_with_ussd_string.pcap	258	b5e755469c67d1aba94901c55114fd3acc088cff70dde0375cad948efba63a21
h223-over-iax.pcap.gz	840884	b7d801d552702e6f06870e74e2452245c7e7853cbbecb74b21c7f4e0b74e5674
h223-over-rtp.pcap.gz	52944	6d5181e2361c023646a1329401ffc81523bc9652a3719392b8753b027dbe49dd
h223-over-tcp.pcap.gz	284283	cd08add175dd77337776ae0cf02eda7e0955f7c304163e8d1143267739005ffd
h263-over-rtp.pcap	14398	d381dc3111b0728d31b12f1e05138f358343593e9bfb35aac7cbfb7b54267f48
hart_ip.pcap	11932	dda914bff86358caf5bc6e3ed06814124104ecb0eff71e5c7e806fe1b24a09a6
hcrt.pcap	576	c79699c89ff56d57efb986799bcede4075e9f756df694a76f1975da28c2bcf24
hdcp_authentication_sample.pcap	1355	dd4f63bdde17d0bb6b673d5af3fb10f5aa9fffaeb4eba397127a8596d0c76748
hiqnet_netsetter-soundcraft_session.pcapng.gz	5835	6c1583a977f5641f26ec9ba4ce8d1f7150223c39cbe2d09dbc05b0eea36e92f8
hiqnet_visiremote-soundcraft_session.pcapng.gz	3490	711bff929b396f46bad2421d8f9b563ffc499eea1e8cc0e8114d23e752f43d47
homeplug_network_statistics_basic.pcap	244	20470936403174ee232a6eef54203312614eebfe6aab2d31b21e44b0af2c134d
homeplug_request_channel_estimation.pcap	58	96a463eaa7dad654c823bc30a3129163df13e52f088becc216556e13922619e9
homeplug_request_parameters_and_statistics.pcap	57	ebdff8fca1f05302197cba20081dd7188ede82022fabd68ba5ec984b67917fe7
hp-erm-1.cap	1160	c5e891f184766d27ebc2541b463bced557ea4aae802f8875c9642c940e4c0b5a
hp-erm-2.cap	2720	21861fb396d91ca972bb40dd3dff34828e007abe2be0712d1fb3a38c6b896dc6
hsrp-and-ospf-in-LAN	17392	757bc3e6acd7122a253393c10463765ebd76eeceef1e56ad1963b6465ecb4909
hsrp.pcap	8176	6df352988769e63c4a16f56ea54e96ae8f4016e7a3680c291f3028d37658f07c
http-chunked-gzip.pcap	29517	0a9df2fa7fc8bcda8d336b3ebbf1f6b215a55734721ffbe3ff67a4fa7a4dd703
http2-16-ssl.pcapng	5180	3a53d7b87e80bc3a00e9851274f7661a5c51fceffd046cdeda2642d28797e084
http_gzip.cap	1707	79e0ae3b23c0de4289b4cb73901091ac0b744dc417532a84dcd3fb882eaec12e
http_redirects.pcapng	47804	ff432a6b71d06cd20720f7763e584014edd0a43c3b55981c682d1b7640207abc
http_with_jpegs.cap.gz	261947	3cf628d38292b7a7c641d15133eb3fec27c5af176db01ab397e91f48a6a24030
i4b.trace	3577	64cbfa5bec7137b2387584a8ae55dfbc99041feb1c575a34736b07b4cd0c6611
iec104.pcap	10135	a78aa971adc51e54413a865937f1799ef57118d397cef57ccd93a358ed5b85d6
ieee802154-association-data.pcap.gz	311	ab9cafc047d1bb6978b90882da8190c48c979a76e1843050c531c8d45165e4f6
imap-ssl.pcapng	10152	c988a888d2a6f93d70d383eef4b8cd0c27e440266d0f61980f33b94da9a3ad61
imap.cap	31417	fa9a9bcca7b7f2943d740d46b075565b0dbbcc0f60ab321bf577a7be9724b5a8
infiniband.pcap	8894	4aff5a8d5c37e6176cd75e477eefae2075f68b3498fbf9735a4ccef0796f5444
iperf-mptcp-0-0.pcap	2579084	fb044458eab5963c1ac402c7f17f3610e230a40f6ea2e5a01bcb042ad9c8803a
iperf3-udp.pcapng.gz	11940	7e0288994afcd463a9c1344e6b4756e7b93f07e3109dc7690d1893ac93ac7c96
ipmb.multi.packets.pcap	10430	881bb65f9bf14e6f25ddadd6211299793ada1c6aaea99759bf32d89d35fef716
ipmi.SDR.FRU.SEL.pcap	101430	a1af52cd2a541fe70e694d6acef52325ea78347ffbb9599461534f134b825e9d
ipmi.sensor.event.RR.pcap	64063	46061173ae37a0db6539a2b7e2e275c7713e2a7a8c1e9605c5c6354bfce4eee3
ipp.pcap	253144	9d99b246366e39705ca6b97768f95ed4a1862262d96aab6aeeaebc2fa771a741
ipv4_cipso_option.pcap	884	2df73d999f775d3503eca611c69b410e7ad4c981dc2eda9988e2b88038e519aa
ipv4frags.pcap	2990	d0b1965aa0c7f9792ee1922f18b1c4e67a45f014fbd324c18dda0dd280605ec4
ipv6-ripng.gz	1328	0339544cbf5491283f2e5c8c9f6d33830bd6c4a68416f26edcdaddef0a83610e
iscsi-tapel.gz	105246	a8facdc28ff53a1a1bb65f1a0667b145cf3b3994d874e56cbbf4937f0b5ab155
iseries.cap	282308	f7c82c369aba3c979324242f743885e16e075d80afac663a6cadca9a0d183ed5
isl-2-dot1q.cap	71216	a055636030ac8981f08304926f0d32731492dbd8098e96678f4c929fb8c2bdb8
isup.cap	704	32815566ef9e5f7a8f43b10d7fa935f261118da480cbaed7805cf45573526bbd
isup_load_generator.pcap	284840	cce0d2073eebb7f6bc40d75306b633e718342030c2376c1e1ef47320deb05830
japan_tcap_over_m2pa.pcap	752	3d5c8362922daa4228c0a0d18da55e2a11f76971e8bf28417f6b20600e0edefe
jxta-mcast-sample.pcap	472106	d05850d15352c19bf857d7163f3058be93619ba9326d675ca78bbc5c565095bb
jxta-sample.pcap	294067	722629d40dc13ec44b8bec48db134a3832d4a88049b461e9491a70b4cee144f6
kdsp.pcap.gz	13727	41c0d6650fee72caebf49dbe0537a480fa5bdf81a66dab0a457a5453b8d4cb0f
kismet-client-server-dump-1.pcap	5455	e875a09f76898a3aa46dc986b7bff6c1430ac5e2a71b7273ea61ca730366a257
kismet-client-server-dump-2.pcap.gz	15799	1b085ec1125c75ddd5953d2181075247ef82d1ac2455878aa0be8889f2c87793
klm.pcap.gz	563	a12f0900056637e5e6165280cdc5d24ecceec679050b3d9bd81e03b8b09c7a90
kpasswd_tcp.cap	11000	2626814d1ab704d3e48c58ecb5ff9b37c6e9737c942fb6fdfc5e29b6e5f586f5
l2ping.cap	618	f890e409653bb621dd6e1b2238ce804f9fa519751e2570240b8e57f7ac05e517
lacp1.pcap.gz	184	a295f267a41fde8e21867b1d5c09cd2d4c35c17b02017395f03e04ec3af26725
ldap-and-search.pcap	1208	ab9d335e270ee1326371922d5d2300e0875bd76531b5c01a328533ba6751ccb8
ldap-attribute-value-list.pcap	1265	a3b2a055833e7ac52c1c8e1b32ef7040fb6537fd141ca6308a7799d48d9eb711
ldap-controls-dirsync-01.cap	3065	e0615ce697e93167f477b39b9a44d2cb3f68a86e796c84ec7e6282c8b6923f04
ldap-extensible-match-with-dn.pcap	1268	dd1f59fda8c0b5e720f0f7b78146635f30f6c9f324ed299cabf96c161120d650
ldap-extensible-match.pcap	1240	9853e8c8674233912d45547f2fd2aa4aea8491fb26fdb8f677f134d29a4224fc
ldap-krb5-sign-seal-01.cap	25268	10a0076a7e43a3db6a1c9671140970a451c1131e7420ba4b309c2caad33d87ee
ldap-ssl.pcapng	8488	d03657b400c0d866e89e8ed5ae49253d80d6ab99c75128dc42f7b76d41a28f95
ldap-substring.pcap	2391	23b842492d3e7ba86e20ddca690cb58785edd56094f286b5a935bb2f0563303e
linx-setup-pingpong-shutdown.pcap	13276	d9a409ef92eba641a6711bba95930ccb27e40e7c0b5b4b8e06dcb286b75fe34e
lldp.detailed.pcap	303	480e6123969cc1084b7d41a54ff0947e0bffe72a4ce025664d5fb872998809dc
lldp.minimal.pcap	104	480c1b9d917e814727b4c22e1a4fb4b819e0a67ce2e4a51e0ca494ab634cf1af
lldpmed_civicloc.pcap	308	d24a236b6e4ff04d29fb90f8b1448f5bff0007c6d3eafd3958c71a77c2d9869e
llrp.cap	9637	47b656b346048c7eb1bf82daab3f7a1d7da5e97b534c416da5ccc7c3004b9c97
llt-sample.pcap	924	c75e1dcaeddd097cc3abe134cc3cd0324d4318d90c03b20cb6bbbe4aae959ae3
lustre-lnet_sample.cap.gz	30611	8f59bffe4af8fcc80366ffc5d3cdd2d723a535a3a88ce5024efb3cf897791105
macsec_cisco_trunk.pcap	208261	a30af0ab8040068c3034ea6feedecc4ebb7d5bee2851f8c8d8350b34b5671506
mapi.cap.gz	13111	3d798febb04cabca7bd59380877d1e7f3bcf98fbfb55d9e097b9c534d60f2f74
mesh.pcap	131179	fc5e5aaf9830436354d97ce91251a050cd814f53d5025175bf44a728fae398d0
messenger.pcap	3469	aac7606cebbb8708f1bd38642c9f448b1b77861753edc505125813ce89decc31
metamako_trailer.pcap	19861	f50e7bceeb7410354ab04351f7937b72919769c546c764584bc0fbf951f24e10
metasploit-sip-invite-spoof.pcap	694	0d4b871f81f1bf2201b004b238b363cb8b674d27c510b2b8646da06a943dac62
microsoft_npc_netbios.pcapng	4588	d62ccfc88b21190fd5c0aa2997cda993bd5acb73e0779120a013c2b8521a81e7
mms.pcap.gz	12049	52b32c696bdb3f6b50cf70375aef072116f4d5cede75adc161ff772b32904b68
mndp.pcap	1664	a594c8f9c178c4421bfe5e67d66e1835b9b5576986022c6a2e2bece3e111f81a
monotone-netsync.cap.gz	5468	fea2110cf9c71f2782d69cf418d9bb9c87bfad16b6950a88c7ef99ecb7b584f5
mouse_replug2.pcap	665	588c8ae94d39dff3070311a61144119e2d48abad07c556fdb775e47f8afe2200
mpeg2_mp2t_with_cc_drop01.pcap	39870	c3fb422815945f32de43cf37757949720ab731a5a5934452806afad8a2375e4a
mpls-basic.cap	5644	210a347e4cc21d9c9097856d89dc3e3583b4c3114f6f89792e671b09d848b1c1
mpls-exp.cap	5090	8c665fd446fc580caaee38ba3d86b091cffd3688af890ae4e1639847b9bf3a35
mpls-te.cap	29544	62c8bcec89d47b568a28b3744228036621f8b64b8cc5afb952a78c4ebe8b871f
mpls-twolevel.cap	9759	dbab4d98e9ab1e5080f26d737e1cf8fa56cc7957ecd17ba95d58dd210f1a1061
mptcp_v1.pcapng	22588	b0b035b0e15adef05fe91b04a67a68a3cbc7ddd68da72f2d657caed4335f728f
ms-sql-tds-rpc-requests.cap	16892	8de89c7fa4ae159e6afe2c12a1460685f0941656278710e8caee30e2ba26ae7e
msnms.pcap	62351	16471e90bac58a5560364c1efff70650a1e0946e91ac95d786072fc46bf3467a
mysql-ssl-larger.pcapng	21812	56d66ffa969e28c070eb42b358cc4009104b19b7bbfca8a4cc048d02646f62e8
mysql-ssl.pcapng	10732	c3b092c6a74a08cf3947a0b4432fdd77f8090e706cad31b25790fba286543aee
mysql_complete.pcap	6567	597d06e899df5746cd90f6ff387b79d4eefa5fcab27e55c3cc09102dd74e6abc
nano.pcap	707130	d1742ffeb03882741e0c93c3da4b3dd9f080dd4c441e75d0236783d46223d287
nano_tcp.pcap	115260	9d5ec1f37352f64b0f8fe04799391a809b98545ceb12aa0a2e81f9af7eb6fb55
nb6-hotspot.pcap	179879	dc2879b346233dbf561b1b73140bb8f98f9df29a48b50d4e8cbe6b3b120e1252
nb6-http.pcap	8809	8af47406b623a45c2523ba3ca230d4b7b61f15c9c1dd85411a5f5e6f9210d0df
nb6-startup.pcap	87143	26d0db62efbe96bfd884168ab2520aba9808693f27206f476c9b7f2ac996cd96
nb6-telephone.pcap	122858	cbd7be681b5995f5df158491999e28eb992680ed0002a72adf128ce5f47fca18
ndmp.pcap.gz	1617	238edd87381cd2109c7883a697ea64560b15209dc505f08a204acc0e43baaf56
ndsp_v2.pcapng.gz	2863159	8d8bfd1b594fc33021a390f095ec232494ca84dd13ab40ab5f7e7e94886046b0
netbench_1.cap	13060736	c5740930f44b885ae8489f00c18c6f7034ae5aa8ce4a6fceebce279fca800d1b
netlink-conntrack.pcap	15859	0c3049c3f8b0695b4607bba45aecc7fe9a81cc714cc2c26005ffa92ec4cdba50
netlink-ipset.pcap	33588	2bf7121cc43cd731a5522a65bdbde2239750ccd858dbd4520e27974fd45a0ff5
netlink-nflog.pcap	10648	9b8d40dc9a911f8b5f6be2b6db35db88c18d975f2cb49a7c495925a05a727482
netlink.pcap	255633	ec31b8a5efa915407a435ed233683f6f5219795795022c23de651cace81eb15b
nflog-ebtables.pcapng	6648	c1be02009ccbc2bff8e980aacc8fc96047c54aab84e402bce45bf26df25dd1fb
nflog.pcap	7560	30e554badabc5e2b1deb3ffd71748edc2f46cb2781cf3301f50e3eff659f20e5
nfs_bad_stalls.cap	717058	46da2b7056381d86672d2825525c1e5aa02e3aba408fdcd372a947d76fa93e5b
nfsv2.pcap.gz	3603	60b8eec362119b5fdd79cab19e18ae24392c38674825e4dd327b86e259688a4d
nfsv3.pcap.gz	3659	5f4a6ad8c2f226c8cbbc2e902442eb5dcac0e2df38fdf26602a4b499df5f97d5
nfsv4.1_pnfs.cap	18454	0e89d8f550e0c5cc0adf5fdedc647999dc776056973ff11ad214cd5f97ea096a
nlmon-big.pcap	10588	e5fa849c0f2dd8bb4b470078651be7861b84e5dd5ab1c38ebc04afd4fc555447
nntp.pcap	7573	648ddce0cf496aa5d2d150e1218ac5592723c480bb32884f4e312202a0cc86f7
novell_eth2_netbios.pcapng	3104	6b660f1ab838a9c8c0a0640c19f98fa872972fe8aee253146f9cf79c47f1034b
novell_llc_netbios.pcapng	2588	0df7d7a59b1592f512676b38fbee02e8ea66b1afd76deaf3a02f078dfc8690df
novell_raw_netbios.pcapng	2784	7cea0c5d77080831e34041a772f19c12f5d1a863284ff27c9f8a3554ac9086bd
nsm.pcap.gz	597	507f6eb36e54eb6ae027ee6277003a523f3e13c226164ba106603b830b757b5e
nspi.pcap	7329	03ae39a432bc8e01debe9408dc75081bb1bfea0955d6506e8730c76f9d399e7f
openflow_v1.3_messages.pcapng.gz	8831	cbc4a615bd70f8994fd3a60908c65fe72cf71a92780d01cc8d8755b5397fb297
opensafety_epl_trace.pcap	2769980	5d74cd70135c9fda022e0c5cf5014ee9896bc35fb53bdf0722c6ae2f17eec7c5
opensafety_sercosiii_trace.pcap	54410	3b9d8a450cd037f0f49513fe1ad76af16db115ba57328a28cbaf2a6e0193a4bf
opensafety_udp_trace.pcap	1583562	92cd1a77a19b5c07c20137d04b1e3b436c444eb5f993430e6789c93913ecd2a3
oracle12-example.pcapng	3368	842255a04c47c1dabe18d96bc5296ff705dc167ddcc6785651a14d0e27ffa79b
ospf-md5.cap	4102	f6b44372fc92ee7a315872a5ca22667056c7e94a0fa231b73a5dd172757bc952
ospf.cap	3922	78732ac9c50fbf38b0092f539de7df56f1eb397e2cc38696954d4d64b4fefe38
p772-transfer-success.pcap	3848	ac09e19fd07dea40ef1a09c1741d7ba1f126cd829c8f8141906f1d47dd3cc60f
packlog-example.cap	946	58f48ac378e88475a112ae538fb209c54cca2df39ab4f8c557cb0f9cdbd5de48
pana-draft18.cap	1590	dee24dbb9a0bbb8a84bbfbe97976136d0fdd6201064bfe65deeb16faf697ca00
pana-rfc5191.cap	2438	53f7e4f22984a455233773f3a4d8ed84dd566717a092fe604c4be491d1bb5d9c
pana.cap	3480	c7a0eaec23865b768c3b724498234b2382a3ce0d144d6867073a6df50ed95aa4
pgsql-jdbc.pcap.gz	590093	15b51bb4cc197753c1ac6b7dc3cf5697f22a81e3bb5d2e1d24d15de469c3a06b
pgsql-ssl.pcapng	7864	368cead60515a289abf1faf2b4a5892a787f6e687d2d171cab6d64281bc5f0a1
pgsql.cap.gz	1917	4250f70479e340f9f547617ba045d327949d7e216631893208006d652e25bb54
pim-reg.cap	4836	4ef2226dfa5d7b08b0e262a94b223113088cdd87e65181eee4599dae4d38a934
policy-authorizeNV.pcap	18436	9c1494d00d440bf9a9a278727dba9e4c08e8111df1b3b3f700880a6e945514aa
pop-ssl.pcapng	9400	a9bf0b6c9125c181969c1e68718f1ad68bf7f091d5f115fb4089c983273e0e5d
ppp-dialup-munged.pppd	1700	a8a4a7970b64f8a1ba2b0feec271598b93d5087d9d645e221e4cf7b120fed935
ppp_lcp_ipcp.pcap	852	c0c7c6e04bdf8e74987dd617a2c1d6a5c6530fe8d08d1a7cf4caf07e02e5f26e
ptpv2.pcap	3960	2160864200325c734990264d4b5e92670e12a98f989db97edce95762b958cd6f
pvfs2-sample.pcap	8642	9d7bd8f100eed3ec4aa37d7db9e3ee536037afbfc2260f5e5a76e228afe4ae42
radius_localhost.pcapng	2952	0f42088b4c8dea154ca26d5b872988140d2d8d7cade27004d24c5a0653298cc1
rarp_request.cap	100	db4dcd1f7dbe5d817bf1481946a97380f76fb535a73d5b0ead61ddda0e96d927
redundant_stream1.pcapng	3630788	78a2dfab64a48a65801a8acd10e0d029f0864d65205ec62329c4ec7bd809a366
rpl-dio-mc-nsa-optional-tlv-dissector-sample.pcap.gz	225	ca9aea85548f149fcf9398d60d90d097cb32fa63f23db20a191881778a99b70e
rpl_sample.cap.gz	30926	c9e2fa0cded0701f7e701a06ba48388e5b9f6c39275491df4b3f9c298ff3fef6
rquota.pcap.gz	429	e94ddcf84db116c62097d2bc9f52e0cefb2b3b14a1093d248cdaf7d184ce6eab
rsasnakeoil2.pcap	25057	f3f74008e2585d35479b7a234010a584803c240d82723f1f857bac0eb8a8db57
rsvp-PATH-RESV.pcap	1658	aa7d8448cd5eaf17112e67adf3e801cb45119e62c63c75f132ad596edfc10361
rtmpt.pcap.bz2	45612157	c34f8ae7829298cad9e23bfd576eea95495854a1f9d091416936c33b1e8eab2e
rtp-norm-transfer.pcap	298226	c74300d83777d19f3ebf68406e144e4c9da8092d0f6ea04872097efbffeaacf7
rtp_example.raw.gz	83164	09c685492b232eb3e017946614495fc1a8d1270fb02d33009a91e7ff05378062
rtps_cooked.pcapng	3800	0ead8d74d8ea9660e2648781c8e62818f4244b23f9e9c4edf4826fc19872b466
rtsp_with_data_over_tcp.cap	665	f9ff79b68c648e697373ab07391ea7429cccf70e8c5ae83ecb929d97c4ff2265
s101glow.pcap	60909	a230a0b69143713e1d5211b6cfca3433c04fa381e8c2d36a8eb62a3e0da63bee
s7comm_downloading_block_db1.pcap	9523	48725bd1af7b778821351cd0f50f0ee259e438074a27f8431a8a1a3351dfd3d0
s7comm_program_blocklist_onlineview.pcap	13981	b2e7014362630b803b413dda595e4ba7a3a910105712f448c22dba517ec02851
s7comm_reading_plc_status.pcap	25112	e71f81b471bd67da2fd6e40dc69a7179574ba66771c6150cd7bfe232cc07b8a9
s7comm_reading_setting_plc_time.pcap	5355	d74c1eca1f2039dadcccd43c212f649b293acf6a80db1560e9ee22aeabb4c5d4
s7comm_varservice_libnodavedemo.pcap	2846	a1ff275c087fafbfdc8821ea59ab9bfb11f5adcc9ce6bb5888a1c4a4d7b6affc
s7comm_varservice_libnodavedemo_bench.pcap	1566710	bdbacb1b09c621f23be1c4c55145aec24930b6fa5541e7f4626dab6a314f1308
sample-TNEF.pcap.gz	7864	e5c60b18f23dae7a44dd50a7fac5b07d8e6a09272064c695f39060ab0bdf1e40
sample-imf.pcap.gz	11574	8ad0ee94bc7ca51061a94a462a28405ca4d76f5f314331124175357546bca241
sample_control4_2012-03-24.pcap	10949	73e3e3a7ae90a746c6cd34173844f3f2c0c9beab738e05bef31efbe734ada1c2
sbus.pcap	66825	2588478c604a83dd38339a63c49261948796cd964b5e748b20260fc21649d24b
scsi-osd-example-001.pcap	90672	9c4a1d97d5f06f799421d21cab98a0952acef10d58a1d9da989ad42bc552910a
sctp-addip.cap	10670	8806ad439b9da68a47aa24750d814427962f551b55d6ae1ad927d7d5125a93ee
sctp-test.cap	69024	ad239e9e068ae9560334b55de2a4094c778f33030f03f546b6ef384cd8013b9f
sctp-www.cap	48992	43db870abc33c8df6208ab7fbd7f3433ba7a519575891e30f75daeee79c5fea7
sctp.cap	428	9f188aa749ffe872d9e077aa909a06db5cbd14033b29e84c11b65d10f520d7df
segmented_fpm.pcap	33144	fce403eb87b12da4b0ca15d93bd7b7349142af1c5cdd24070fabd05f92db54c8
sip-rtp-dvi4.pcap	171782	cf512d6906b61ebbb82b95d12805dab5108b865580df08544f5fbe1bd24cd8ae
sip-rtp-g711.pcap	198831	6be243f86c57646b8b506d7cc0f2b4e37740c5a7db3f22944078c402db37d8f7
sip-rtp-g722.pcap	101199	838639fe064df7b4076efec319ca80ee124d8d4c9118b1cc929524121c361413
sip-rtp-g726.pcap	503808	89282263e575cf1497342a1b38586e6fcced32cb15e21b798748a49d8dab545f
sip-rtp-g729a.pcap	41736	8573f2f7adf019e743a8c41d9146df256c67afdd66169a64323b61edaa55476a
sip-rtp-gsm.pcap	47216	9c633a28a48b597fbc2cb30ad7fe3d31f3b4cfeacd4491b5f6dccc2152e60663
sip-rtp-ilbc.pcap	37552	65e313ee78429c829b9b5c7d86975812f8c1f9c7ea06dc3888c900efb013f9b8
sip-rtp-l16.pcap	1948026	9c797c7d26a9fb0daf11efe71c3a0ea6efc56cd24e597bec93b841fce8f84699
sip-rtp-lpc.pcap	12751	8889e214425ab2d150fc44087333a7f0e63d79ba78dfef2d13524dfd1fe00d87
sip-rtp-opus.pcap	86897	c8920238edcc96188047812a05e9d2ce84a4094529a3434fea1ea3d92b713fde
sip-rtp-speex.pcap	149326	483220c284ba919c4d32d83e4baf422fbbb2cdb75e63817df193a06d08c73528
siso_std_002_annex_b_example.pcap	170	815c99756e53b5f45192e6dc6f8ae41b6a7b7a9de4ee26d25c8ee828d268e785
siso_std_002_transmitter.pcap	194	8914689eba7ab6c0b6eb4dc776870460df7face1c643108141b3bf24740c4e4c
slammer.pcap	458	8cfffbc7799d9ac9c3d93e194e246ca539e0a26790bebde82290aec413e51dd7
small-system-misc-ping.etl	1703936	46c9d0749c6e35e575a01ef2b5c84cc4bf9d9001be7e7cacbea32f0bb9ce62d3
smb-browser-elections.pcapng	51652	6a02c9cdcca22c91a1b04cf1be1caefe1dbada592111f36ca8bf1fd682b821bc
smb-direct-man-in-the-middle-02-reassemble-frames9.pcap.gz	3712	7435db7c26924f4253eb15f14731dd0b973908b85d3c44e008ccbd9926edee00
smb-legacy-implementation.pcapng	56128	35d6d8e0f5410718630a5fe7afb08ffd685e1a6d4ca989743894e21463ce0e20
smb-on-windows-10.pcapng	142032	b9fc2686ca634fed3d52b423625b719bc3be709aab1745557a10d41b450c7fe7
smb3-aes-128-ccm.pcap	15692	8a7285cf01a8367cfa84d544da013173f1ada6366bd06f059e947da993b810bd
smb311-aes-128-ccm-filt.pcap	10304	5ab9ab326f9e719a8083297267cc3d0818358f6f544844fb31cf3e9d079c996b
smbtorture.cap.gz	5054477	523cfcfa987df9298f2a91818fc077dfa85a785e5f6c07aac6e92d90487a54f3
smpp.cap	1440	d1cc3f7ef2fcc4706d2bcffdc15dc4bcfd9ef20c7feda0eb6fbc4702a8ba9a26
smtp-ssl.pcapng	8968	ca2f8af9de247be43b3a0b8cca6795bc7a2a8076719c572beed6662e1ea46eb4
smtp.pcap	27850	17ad230db1b6fd5dd18eb311092df1cf6eb162054bdb47697b89bef5a86a47ab
smtp2525-ssl.pcapng	8944	3008901435425ff05c4cbe60a5801a06da1b5d5efa9489dd146e79c167bae0fd
snakeoil-dtls.pcap	2327	b16927b487cf527d7f62fdfc935503b542f8d14f9cdbcb7ce999314fbd445252
snmp_usm.pcap	34608	151c048d623e9fe510f8de8f842b8c13eebd203af74049936c6b0e6a947c58ea
sr-header.pcap	1784	d9471b7f1ee484e572e94d9b961103559faef3f6c355b23d7a42f2f5181fa4d8
stanag-5602-simple-example.pcap	278	9aed837dc711c3e36ca10a100bc1b6a4ee70f74e3c9204d4fae6c0f7872f12e8
steam-ihs-discovery.pcap	16892	c00db51084fce331b70c8ac88a2f29652312e523875bf06fdedfcd16c5cedd38
tcp-ecn-sample.pcap	118965	e6edf98f9e2e8a9711fb41a4e16840ef3942b40c7d2694ca373b7f285c783648
tcp-ethereal-file1.trace	169135	235ae61d53ae316410d2247781603fa681b9f37e7edbd014d1a882c47307664a
teardrop.cap	1828	e8e4193ae426dabf549cc103c9e93e7d93c6ae049ee9259f1ce2ebdb7315a683
telecomitalia-pppoe.pcap	1808	e430ed66ad07f74ccbc04570dfbb0b6a8a96923afe06bcd15552ed54dc0563d9
telnet-cooked.pcap	9244	ae870805f1e5f6a2621b1f6e1e0229b47cc96d917f42c215acbcfcd46f9d72fc
telnet-raw.pcap	24345	7a2fdd843b401fb945b0604b9d760424541b045dac6424361f14d276db2b05a3
test.usbdump	76852	1d90b4d4dc843fe77f04092818421711385d937cb4e2e6e1689deab493b73a5f
tfp_capture.pcapng	179072	0e90321c59b535f2564ed7c36ded6303aedc32325f3f9cdf86e0113b9fd34ae8
tftp_rrq.pcap	31463	6f0b2f0cc4c17a372ee1b4c4c1e8946c0843a66eedc971caedd700ccb51de817
tftp_wrq.pcap	30839	c0380a316152f1e22e5bf0c2ce3b807762947c3b866b1620194e0f949641a996
tipc-bundler-messages.pcap	2452	28e613b7e6d768f0dccc87260e7590add6f638b8546347ceb8ef8c27d8127f5f
tipc-publication-payload-withdrawal.pcap	3390	51478cb2b0390e798fffc5ca6c96922ee0385292a50c7eda9efb455c7ade2baa
tipc_v2_fragmenter_messages.pcap.gz	687	36398cffec821f9d702dd116632eca1190d1c52760fcb5d99296ce3318f9a9be
toshiba.general.gz	175071	d3b12a6f78d94a9bf0d02d08be94e9926a4574d18fbd92c745c878c15a44eb8b
tpncp_tcp.pcap	35953	c268035a6675aefff4c17d630351e165589d691844d7aaf3849876ac67e072ba
tpncp_udp.pcap	33396	7295e15288abcf4076d6f1298d41680795f441733ef4f9be83f6a548584b575d
tunnel.pcap	22668	d2d77ae4ed53f7dfb0c99945824a340045b7f3e1faf4f877e93a77eadac0619a
ua3g_freeseating_ipv4.pcap	5667	bb8616a217503f779adb1cb500ca026aa1c0ac9fbe89512a92a013e7fed0d9b2
ua3g_freeseating_ipv6.pcap	37679	c248f86563cd7d4bd2a7d8536739a361f6eb7d57660b962f284403a703d6fbd7
uaudp_ipv6.pcap	216441	a471bed8270f48077484ccee33894ff02d128aeaa98c36ec80de482f1ee9d20a
udp-nm_anon.pcap	104	77a1dec4e7475d39849f454b2a1a55cda8c79e94d455196c1601eb445c7372c6
udp_lite_checksum_0.pcap	100	426786270e62b8d6345a4aad92cc5cf3bfcb0397c1aaabf3e5ce2d61801d6c27
udp_lite_full_coverage_0.pcap	100	c94be95c2a63557b0fe3a25ba4cfffa500124856db60d30d19b26e8835b3be32
udp_lite_illegal_1-7.pcap	556	68cac8f3cedc6c066cf6191d65bc120c20c96ea8cb47f35a595a434939d79337
udp_lite_normal_coverage_8-20.pcap	1012	504d763da7207717c8c228f82ec0a31475400866117d4add96d4bfca140ef0a5
uma_ho_req_bug.cap	155	695d152ab02cb64162c0d2696c395661001b85f834a44be32188bc0e8925a1ad
unistim-call.pcap	9327	ad41faf822ad6aeca28a3be3eca2b5d8bd88f5578d08f27ee78cf789d728072e
unistim_phone_startup.pcap	5683	85c3e272bc53bf92f9684af09733da42bd76f79a8424539b0976e25ef5b7419b
usb_memory_stick.pcap	299694	f1534b209593c7a82bbe95d0add0356b23a0abfba0f34ef550c96c3b00f2a17f
usb_memory_stick_create_file.pcap	17348	f12f2de37bb5942ccfad2873dadc0f1475bf899b86c73b45b28de3c043a2f5ac
usb_memory_stick_delete_file.pcap	9428	69f412f71c85cbcceb11e70dd7fb3fdd9d46a3be75844bfcbf16f2a5ad48d46b
usb_u3v_sample.pcapng	15964	f278c4178696d4a744e6e2894d08d1211e2f4aa058d0f23c1f9267d7813c2937
usbhub.pcap.gz	2805	db7bb8fc62a7b247d73afebc421c942b30251514ada9226e8730278361e85f05
usbstick3.pcap.gz	6966	2c584153ebc8c5e8c16e14582a4e14721038cfe2aa8af4b775bcfb84ea63266e
v6-http.cap	9159	8e40db7c7918d8efd4a554bf596017325e6d8b53cef940b4bc2e2d9b9000f6d9
v6.pcap	28251	8e18b4c2aa872285881f3aff39481eabc83024369a7b83d95573d846a4a091f2
vlan.cap.gz	23846	b25bd26944c1747ef962e2e8f29fc681a22a78ee429514671cf19068fe560d3d
vnc-sample.pcap	9516	f1c5d9e2f2c963bbdef6c1fd3a5f6fe9d9e8b486e06e477a90476b09781c502f
vxi-11.pcap.gz	9144	bd7ddbb66318754b808cd74390d65e580418ea62c09916c8028aac90abda3b13
wap_google.pcap	965	faa8ed242c5df9c188bcdd9ed6f6c98f61408a5c65e5f5ff1151100e9209341b
win_s4u2self.pcap	13464	bf4a1ffe41502f32f2fa66cefae59a6e115f80e47660ca5acf08e53820dcb7d2
wisunSimple.pcapng	208	607d2b44d7923c58e9902dd17710138f34fd88750da7417b3b0b547761b57043
wol.pcap	590	3c570e4c985834d3a7e5ad3a86bbfeb67c289f16f4dae57a80e422291789c80c
wpa-Induction.pcap	179298	2b57dca7fa2c3bd0e942060b546028d961bfb698fb12ed8b2947b13f88d170c8
wpa-Induction.pcap.gz	77052	20e02e5dd941b6bd1e1f26955ed4a243b537612f1a5e845d8babed4ef9961eb0
wpa-eap-tls.pcap.gz	25629	aa4d9111a53773f9044a5441c7f0c4cbabc181692343404f846ec1aef857b7c9
wpsdata.cap	6873	1bb6693fca9650d578da8dada00083f75de68caeddaec7c603632ede729ed36e
x11-composite.pcap.gz	226072	e9625bca69ae6354b882dd198669f6b065adf25baffc3de73bfa6a9744316f61
x11-glx.pcap.gz	33211	1157a1c60bc8a765fc890a3d0028478a31f83d1bc9183a6b7114cd030b81840e
x11-gtk.pcap.gz	20195	b2f465fb7f9ef76dca1ad6d220d5c482867ac050e632794f5d566ba740d2b532
x11-res.pcap.gz	4267	a4c82b587ce35b1436a79aa83fcaeadc8bdb1b5cd81facc53403914262134066
x11-shape.pcap.gz	154187	deb77c2a625f033ee4db81f42894387187c9d74092d89bfd9b51afdb1050541a
x11-xinput.pcapng	3467	05170623757d7c7d7492d1efadd47d56832b636c952fc826314af0bb5de7df8c
x11-xtest.pcap.gz	13549	6a7aea5856efa7de5c2a2927612e3f9ba1e885c9a460e19a366221d193be566c
x400-ping-refuse.pcap	1121	47cb4ea1b738d31d0b61d34797f531749952e19954a641e0bc7e2e7ed2996605
x400-ping-success.pcap	1376	fe36e53dc34d57069cce70299b833ae65a13de776940b713554bace01fe4c331
x509-with-logo.cap	11538	b31ae350f710a5ee17a77703decee6a8397b8a0afd87e9fcbc52640786ec3e3a
xmpp-ssl.pcapng	14572	82819c8436f7fb40b5aca27216b9ff5a41ba22f1b7589f045545c176017d5c46
xrite-i1displaypro-argyllcms-1.9.2-spotread.pcapng	154868	eb676a425ff2d6f13c56e50398cd20931f29b90765b8530d378443d47bed6d44
xrite-i1displaypro-i1profiler.pcap.gz	93428	6a8d25f19d8ececc0779904ee9ca8fc90d97b228d67b46447063c7a6516e309a
yami.pcap	2560	5e3987831789844c51470f65190353e986ba0c4ecb4f289d5e6d725b11eec6e9
zigbee-join-authenticate.pcap.gz	1502	c6691c477d88c75ebfbe3ef7236dc766b01e6acaccaeea3fc03600f927aecc81
zlip-1.pcap	117	47fba059fd1644a5317fb675eb3832836939238371130e960651445fd4502701
zlip-2.pcap	117	551612cf05436ffde6cc64dd9fdbee416adfb00085fdc57d552d4434f389beb1
zlip-3.pcap	187	3d559700f4c58738d7847a923e7b870eaa55b1cd001cb62af9d8d63775dc45da
